particle_id,x,y,width_px,height_px,diameter_px,diameter_nm,area_px2,circularity
1,39,0,19,11,15.0,15.0,137.0,0.791858767692259
2,101,0,47,59,53.0,53.0,1102.0,0.37769704441649354
3,160,0,19,11,15.0,15.0,113.5,0.5774567313299571
4,99,1,18,24,21.0,21.0,273.5,0.776555456537816
5,0,6,9,23,16.0,16.0,108.0,0.5058142354414108
6,75,9,24,30,27.0,27.0,457.0,0.768835022033819
7,4,10,41,83,62.0,62.0,1585.0,0.25484623859592576
8,152,21,22,23,22.5,22.5,383.5,0.7431785214156729
9,225,27,37,47,42.0,42.0,971.5,0.6291764977244452
10,46,30,24,23,23.5,23.5,374.5,0.7864680895850542
11,198,35,26,28,27.0,27.0,475.0,0.8278821755199656
12,71,46,22,23,22.5,22.5,383.0,0.8803118155286588
13,125,54,21,27,24.0,24.0,364.0,0.8003701393662975
14,363,60,38,35,36.5,36.5,761.0,0.6315450046237943
15,209,71,29,26,27.5,27.5,523.5,0.8592816171418133
16,272,82,31,29,30.0,30.0,591.0,0.8044552398151341
17,135,83,24,24,24.0,24.0,420.5,0.8391190322377717
18,309,83,23,25,24.0,24.0,367.0,0.8143425576672931
19,81,86,25,25,25.0,25.0,448.0,0.8055570851026885
20,335,86,24,26,25.0,25.0,410.0,0.7803605714558892
21,364,96,24,25,24.5,24.5,445.5,0.8633273357267173
22,191,97,28,49,38.5,38.5,672.0,0.4043759720952109
23,417,110,22,34,28.0,28.0,464.0,0.6825519567539113
24,70,114,39,38,38.5,38.5,694.0,0.47814054735301553
25,318,115,41,33,37.0,37.0,839.0,0.6869951327925516
26,386,116,37,35,36.0,36.0,769.5,0.7188390370195759
27,173,120,23,24,23.5,23.5,372.0,0.7667202493776937
28,30,123,26,46,36.0,36.0,593.0,0.34783643289331134
29,0,125,30,48,39.0,39.0,662.5,0.3898947198055963
30,227,129,31,27,29.0,29.0,568.0,0.8417765574423046
31,100,134,31,48,39.5,39.5,930.0,0.6284501888310144
32,144,137,19,19,19.0,19.0,221.0,0.7947683733073088
33,370,140,25,24,24.5,24.5,390.5,0.8531534680651184
34,186,146,31,45,38.0,38.0,799.0,0.5270417315270031
35,248,150,25,25,25.0,25.0,416.0,0.8081758511533953
36,297,150,23,21,22.0,22.0,323.5,0.8451316371808016
37,131,155,38,39,38.5,38.5,698.5,0.4177533672720139
38,223,160,19,19,19.0,19.0,246.5,0.8455314384374033
39,67,165,51,54,52.5,52.5,1072.0,0.43817953583663083
40,385,165,26,21,23.5,23.5,363.5,0.8118028212791089
41,19,173,23,24,23.5,23.5,404.0,0.8614165579595093
42,270,174,54,41,47.5,47.5,1045.0,0.37224328873218454
43,0,178,13,21,17.0,17.0,183.5,0.7895671199097546
44,213,181,24,25,24.5,24.5,423.5,0.87062295171151
45,45,183,26,25,25.5,25.5,417.5,0.8477319826212221
46,122,184,28,24,26.0,26.0,414.5,0.7621641910941314
47,169,188,21,21,21.0,21.0,323.5,0.8570837504309564
48,386,191,25,23,24.0,24.0,399.5,0.8649714604853788
49,316,206,28,42,35.0,35.0,746.0,0.6668217190632276
50,56,212,38,34,36.0,36.0,682.0,0.6420018076768942
51,190,215,24,26,25.0,25.0,443.5,0.8668233284501049
52,417,222,22,25,23.5,23.5,376.5,0.8331952736713385
53,216,224,32,27,29.5,29.5,528.5,0.7597226994442804
54,109,228,26,24,25.0,25.0,387.0,0.814834703455023
55,254,229,25,25,25.0,25.0,363.5,0.7538791181857283
56,383,231,54,46,50.0,50.0,1431.0,0.5497926967105741
57,75,239,24,24,24.0,24.0,402.0,0.8571521302017924
58,174,241,28,27,27.5,27.5,481.5,0.8277507603036475
59,278,244,22,23,22.5,22.5,359.0,0.8251486810231459
60,304,245,24,23,23.5,23.5,390.5,0.8641773024399939
61,24,252,22,25,23.5,23.5,399.0,0.850755464587299
62,226,252,34,29,31.5,31.5,691.0,0.8015417293330331
63,52,253,23,24,23.5,23.5,369.5,0.8710308318458786
64,0,264,23,23,23.0,23.0,393.0,0.90329645240651
65,293,269,19,20,19.5,19.5,226.0,0.8222682945689167
66,139,270,22,23,22.5,22.5,361.0,0.8765215970898409
67,326,270,12,8,10.0,10.0,38.0,0.6179245419206629
68,74,277,13,13,13.0,13.0,78.0,0.656920991098334
69,392,278,47,31,39.0,39.0,932.5,0.42213920164669655
70,31,279,26,24,25.0,25.0,432.5,0.81144326057646
71,369,279,18,18,18.0,18.0,249.0,0.8750271370186896
72,164,283,23,21,22.0,22.0,341.5,0.8347965054437514
73,216,285,43,33,38.0,38.0,833.5,0.6584364541233992
74,270,290,27,23,25.0,25.0,369.0,0.7769354077290564
75,311,295,31,27,29.0,29.0,591.0,0.8185087098266443
76,338,297,36,55,45.5,45.5,1226.5,0.4133646422744427
77,9,298,30,32,31.0,31.0,510.5,0.6028797575991303
78,184,298,40,45,42.5,42.5,991.0,0.5646431648947952
79,144,306,39,44,41.5,41.5,1059.0,0.6282701601475732
80,41,308,37,37,37.0,37.0,910.0,0.7272390372362103
81,291,311,23,25,24.0,24.0,415.5,0.8291413980851229
82,7,329,24,25,24.5,24.5,415.0,0.8405067610458322
83,431,329,8,18,13.0,13.0,88.5,0.6818954353110571
84,228,330,75,72,73.5,73.5,2206.0,0.25532443284690143
85,315,330,20,20,20.0,20.0,279.5,0.8656323584622523
86,87,335,34,33,33.5,33.5,584.5,0.5653482866473856
87,176,338,30,25,27.5,27.5,486.0,0.7468881966808811
88,42,350,42,32,37.0,37.0,872.5,0.45782662042229966
89,113,352,46,41,43.5,43.5,874.0,0.40079297441997463
90,85,385,26,23,24.5,24.5,407.0,0.8493827791599885
91,18,389,78,49,63.5,63.5,1972.5,0.26505408869356595
92,286,398,35,40,37.5,37.5,578.0,0.38862688396192774
93,104,403,21,24,22.5,22.5,345.0,0.8110419962340749
94,154,418,52,23,37.5,37.5,660.5,0.4186088458170767
95,254,420,24,21,22.5,22.5,323.5,0.7876694511561415
